time,timestamp,speed,pressure,rel_angle,temperature
2021-04-16 15:00:00+00:00,1618585200000000000,8.640,1027.833,-93.423,8.699
2021-04-16 16:00:00+00:00,1618588800000000000,8.263,1027.744,-93.553,8.838
2021-04-16 17:00:00+00:00,1618592400000000000,6.570,1027.768,-94.346,8.679
2021-04-16 18:00:00+00:00,1618596000000000000,4.664,1027.806,-102.285,8.468
2021-04-16 19:00:00+00:00,1618599600000000000,4.655,1027.924,-107.938,8.317
2021-04-16 20:00:00+00:00,1618603200000000000,4.052,1027.748,-112.292,8.211
2021-04-16 21:00:00+00:00,1618606800000000000,3.994,1027.579,-121.949,8.073
2021-04-16 22:00:00+00:00,1618610400000000000,4.043,1027.195,-129.717,8.123
2021-04-16 23:00:00+00:00,1618614000000000000,4.822,1026.792,-121.349,8.101
2021-04-17 00:00:00+00:00,1618617600000000000,4.485,1026.278,-123.329,8.102
2021-04-17 01:00:00+00:00,1618621200000000000,4.460,1025.961,-126.920,8.246
2021-04-17 02:00:00+00:00,1618624800000000000,4.576,1025.752,-123.044,7.825
2021-04-17 03:00:00+00:00,1618628400000000000,5.577,1025.424,-126.002,7.800
2021-04-17 04:00:00+00:00,1618632000000000000,5.165,1025.396,-122.668,7.714
2021-04-17 05:00:00+00:00,1618635600000000000,5.802,1025.292,-112.657,7.627
2021-04-17 06:00:00+00:00,1618639200000000000,6.949,1025.200,-90.994,7.696
2021-04-17 07:00:00+00:00,1618642800000000000,8.338,1025.078,-70.019,7.904
2021-04-17 08:00:00+00:00,1618646400000000000,10.563,1025.243,-55.101,8.068
2021-04-17 09:00:00+00:00,1618650000000000000,9.613,1025.370,-54.028,8.211
2021-04-17 10:00:00+00:00,1618653600000000000,10.297,1025.239,-46.896,8.477
2021-04-17 11:00:00+00:00,1618657200000000000,9.634,1025.088,-49.570,8.696
2021-04-17 12:00:00+00:00,1618660800000000000,9.659,1025.112,-49.907,9.007
2021-04-17 13:00:00+00:00,1618664400000000000,12.370,1025.087,-51.231,9.167
2021-04-17 14:00:00+00:00,1618668000000000000,10.888,1024.817,-54.130,9.295
2021-04-17 15:00:00+00:00,1618671600000000000,9.471,1024.689,-41.001,9.214
2021-04-17 16:00:00+00:00,1618675200000000000,9.425,1024.359,-60.547,9.179
2021-04-17 17:00:00+00:00,1618678800000000000,9.352,1024.408,-57.983,9.092
2021-04-17 18:00:00+00:00,1618682400000000000,7.563,1024.616,-55.126,8.922
2021-04-17 19:00:00+00:00,1618686000000000000,8.596,1024.690,-59.697,8.709
2021-04-17 20:00:00+00:00,1618689600000000000,7.023,1024.776,-54.123,8.494
2021-04-17 21:00:00+00:00,1618693200000000000,5.348,1024.652,-63.657,8.227
2021-04-17 22:00:00+00:00,1618696800000000000,7.804,1024.627,-60.741,8.223
2021-04-17 23:00:00+00:00,1618700400000000000,5.443,1024.270,-81.251,8.193
2021-04-18 00:00:00+00:00,1618704000000000000,7.295,1024.073,-63.922,8.124
2021-04-18 01:00:00+00:00,1618707600000000000,8.079,1023.759,-50.635,8.064
2021-04-18 02:00:00+00:00,1618711200000000000,7.668,1023.614,-55.409,8.092
2021-04-18 03:00:00+00:00,1618714800000000000,7.538,1023.533,-52.231,8.021
2021-04-18 04:00:00+00:00,1618718400000000000,7.832,1023.510,-49.569,7.979
2021-04-18 05:00:00+00:00,1618722000000000000,8.174,1023.533,-48.448,8.070
2021-04-18 06:00:00+00:00,1618725600000000000,8.100,1023.652,-45.306,8.122
2021-04-18 07:00:00+00:00,1618729200000000000,8.127,1023.619,-53.073,8.296
2021-04-18 08:00:00+00:00,1618732800000000000,9.862,1023.822,-45.273,8.545
2021-04-18 09:00:00+00:00,1618736400000000000,9.456,1023.741,-48.306,8.820
2021-04-18 10:00:00+00:00,1618740000000000000,8.157,1023.836,-42.925,9.042
2021-04-18 11:00:00+00:00,1618743600000000000,7.942,1023.604,-45.968,9.177
2021-04-18 12:00:00+00:00,1618747200000000000,10.284,1023.661,-40.464,9.414
2021-04-18 13:00:00+00:00,1618750800000000000,8.233,1023.559,-43.579,9.611
2021-04-18 14:00:00+00:00,1618754400000000000,7.916,1023.132,72.461,9.062
2021-04-18 15:00:00+00:00,1618758000000000000,8.871,1023.165,102.318,9.135
2021-04-18 16:00:00+00:00,1618761600000000000,6.727,1023.230,96.168,9.238
2021-04-18 17:00:00+00:00,1618765200000000000,7.121,1023.283,107.880,9.141
2021-04-18 18:00:00+00:00,1618768800000000000,5.733,1023.792,106.454,9.144
2021-04-18 19:00:00+00:00,1618772400000000000,5.618,1023.636,77.455,9.178
2021-04-18 20:00:00+00:00,1618776000000000000,5.803,1023.710,102.024,8.965
2021-04-18 21:00:00+00:00,1618779600000000000,6.854,1023.805,98.507,8.893
2021-04-18 22:00:00+00:00,1618783200000000000,6.803,1023.632,101.183,8.812
2021-04-18 23:00:00+00:00,1618786800000000000,5.009,1023.397,102.479,8.722
2021-04-19 00:00:00+00:00,1618790400000000000,3.824,1023.289,75.329,8.512
2021-04-19 01:00:00+00:00,1618794000000000000,5.658,1023.345,100.926,8.479
2021-04-19 02:00:00+00:00,1618797600000000000,5.733,1023.443,95.677,8.331
2021-04-19 03:00:00+00:00,1618801200000000000,5.019,1023.405,115.568,8.512
2021-04-19 04:00:00+00:00,1618804800000000000,4.383,1023.410,128.736,8.699
2021-04-19 05:00:00+00:00,1618808400000000000,4.227,1023.581,104.625,8.714
2021-04-19 06:00:00+00:00,1618812000000000000,3.113,1023.796,103.952,8.848
2021-04-19 07:00:00+00:00,1618815600000000000,4.502,1023.917,64.412,8.900
2021-04-19 08:00:00+00:00,1618819200000000000,4.870,1023.854,100.467,8.899
2021-04-19 09:00:00+00:00,1618822800000000000,5.375,1023.917,131.102,8.944
2021-04-19 10:00:00+00:00,1618826400000000000,7.170,1023.758,119.654,9.302
2021-04-19 11:00:00+00:00,1618830000000000000,8.479,1023.562,110.166,9.438
2021-04-19 12:00:00+00:00,1618833600000000000,7.389,1023.254,106.653,9.696
2021-04-19 13:00:00+00:00,1618837200000000000,7.631,1022.878,105.624,9.836
2021-04-19 14:00:00+00:00,1618840800000000000,7.839,1022.563,98.633,10.177
2021-04-19 15:00:00+00:00,1618844400000000000,8.366,1022.279,98.881,10.299
2021-04-19 16:00:00+00:00,1618848000000000000,7.387,1021.952,91.615,10.312
2021-04-19 17:00:00+00:00,1618851600000000000,7.602,1021.784,85.449,10.206
2021-04-19 18:00:00+00:00,1618855200000000000,6.191,1021.888,89.434,9.920
2021-04-19 19:00:00+00:00,1618858800000000000,6.873,1021.897,90.065,9.752
2021-04-19 20:00:00+00:00,1618862400000000000,6.791,1021.584,86.458,9.678
2021-04-19 21:00:00+00:00,1618866000000000000,6.412,1021.321,93.658,9.551
2021-04-19 22:00:00+00:00,1618869600000000000,5.475,1021.139,87.751,9.319
2021-04-19 23:00:00+00:00,1618873200000000000,5.026,1021.000,76.555,9.259
2021-04-20 00:00:00+00:00,1618876800000000000,4.787,1020.457,81.664,9.193
2021-04-20 01:00:00+00:00,1618880400000000000,5.534,1020.130,89.074,8.905
2021-04-20 02:00:00+00:00,1618884000000000000,5.923,1019.973,92.469,8.812
2021-04-20 03:00:00+00:00,1618887600000000000,7.118,1019.748,96.047,8.737
2021-04-20 04:00:00+00:00,1618891200000000000,7.340,1019.594,98.594,8.711
2021-04-20 05:00:00+00:00,1618894800000000000,7.541,1019.643,104.069,8.815
2021-04-20 06:00:00+00:00,1618898400000000000,7.614,1019.685,102.864,8.997
2021-04-20 07:00:00+00:00,1618902000000000000,7.779,1019.629,107.371,9.172
2021-04-20 08:00:00+00:00,1618905600000000000,7.416,1019.543,96.729,9.323
2021-04-20 09:00:00+00:00,1618909200000000000,5.622,1019.387,104.650,9.647
2021-04-20 10:00:00+00:00,1618912800000000000,5.559,1019.241,121.148,9.736
2021-04-20 11:00:00+00:00,1618916400000000000,6.123,1018.871,122.298,9.889
2021-04-20 12:00:00+00:00,1618920000000000000,5.134,1018.509,112.725,10.178
2021-04-20 13:00:00+00:00,1618923600000000000,5.449,1018.092,125.091,10.460
2021-04-20 14:00:00+00:00,1618927200000000000,5.417,1017.607,125.438,10.600
2021-04-20 15:00:00+00:00,1618930800000000000,5.086,1017.196,65.414,10.780
2021-04-20 16:00:00+00:00,1618934400000000000,4.595,1016.915,56.145,10.903
2021-04-20 17:00:00+00:00,1618938000000000000,3.438,1016.693,56.088,10.830
2021-04-20 18:00:00+00:00,1618941600000000000,1.819,1016.803,12.910,10.657
2021-04-20 19:00:00+00:00,1618945200000000000,2.533,1016.944,-47.200,10.522
2021-04-20 20:00:00+00:00,1618948800000000000,1.143,1016.693,-59.212,10.466
2021-04-20 21:00:00+00:00,1618952400000000000,3.670,1016.550,-34.652,10.319
2021-04-20 22:00:00+00:00,1618956000000000000,3.913,1016.430,-34.618,10.118
2021-04-20 23:00:00+00:00,1618959600000000000,2.973,1016.155,-35.213,9.974
2021-04-21 00:00:00+00:00,1618963200000000000,3.982,1015.700,-29.988,9.655
2021-04-21 01:00:00+00:00,1618966800000000000,3.661,1015.404,-16.100,9.336
2021-04-21 02:00:00+00:00,1618970400000000000,3.237,1015.250,-20.349,9.273
2021-04-21 03:00:00+00:00,1618974000000000000,1.958,1015.222,-44.878,8.960
2021-04-21 04:00:00+00:00,1618977600000000000,1.736,1015.169,-55.544,9.007
2021-04-21 05:00:00+00:00,1618981200000000000,2.696,1015.407,-44.710,9.097
2021-04-21 06:00:00+00:00,1618984800000000000,4.103,1015.477,-25.472,9.270
2021-04-21 07:00:00+00:00,1618988400000000000,7.293,1015.490,-15.591,9.639
2021-04-21 08:00:00+00:00,1618992000000000000,8.812,1015.803,-19.416,9.870
2021-04-21 09:00:00+00:00,1618995600000000000,8.004,1016.184,-17.448,9.807
2021-04-21 10:00:00+00:00,1618999200000000000,7.910,1016.108,-23.877,9.840
2021-04-21 11:00:00+00:00,1619002800000000000,7.218,1015.823,-15.978,9.741
2021-04-21 12:00:00+00:00,1619006400000000000,11.491,1015.612,-30.450,9.701
2021-04-21 13:00:00+00:00,1619010000000000000,11.463,1015.420,-17.108,9.707
2021-04-21 14:00:00+00:00,1619013600000000000,11.698,1015.373,-11.015,9.724
2021-04-21 15:00:00+00:00,1619017200000000000,14.188,1015.712,-23.487,9.695
2021-04-21 16:00:00+00:00,1619020800000000000,13.726,1016.070,-22.632,9.637
2021-04-21 17:00:00+00:00,1619024400000000000,11.584,1016.317,-16.598,9.511
2021-04-21 18:00:00+00:00,1619028000000000000,11.447,1016.759,-19.776,9.444
2021-04-21 19:00:00+00:00,1619031600000000000,10.612,1017.067,-25.621,9.325
2021-04-21 20:00:00+00:00,1619035200000000000,9.942,1017.111,-31.071,9.232
2021-04-21 21:00:00+00:00,1619038800000000000,9.671,1017.078,-37.208,9.125
2021-04-21 22:00:00+00:00,1619042400000000000,9.724,1017.176,-38.018,9.187
2021-04-21 23:00:00+00:00,1619046000000000000,9.542,1017.141,-34.742,9.101
2021-04-22 00:00:00+00:00,1619049600000000000,10.543,1017.208,-30.616,9.100
2021-04-22 01:00:00+00:00,1619053200000000000,10.102,1017.227,-26.868,9.094
2021-04-22 02:00:00+00:00,1619056800000000000,9.267,1017.200,-37.365,9.107
2021-04-22 03:00:00+00:00,1619060400000000000,7.766,1017.283,-26.457,9.062
2021-04-22 04:00:00+00:00,1619064000000000000,7.632,1017.763,-38.042,8.960
2021-04-22 05:00:00+00:00,1619067600000000000,10.624,1018.274,-31.362,9.082
2021-04-22 06:00:00+00:00,1619071200000000000,11.128,1018.811,-15.010,9.115
2021-04-22 07:00:00+00:00,1619074800000000000,10.041,1019.354,-15.423,9.286
2021-04-22 08:00:00+00:00,1619078400000000000,11.427,1019.655,-17.314,9.466
2021-04-22 09:00:00+00:00,1619082000000000000,12.273,1019.852,-12.769,9.578
2021-04-22 10:00:00+00:00,1619085600000000000,12.717,1020.084,-14.363,9.666
2021-04-22 11:00:00+00:00,1619089200000000000,12.084,1020.137,-11.295,9.713
2021-04-22 12:00:00+00:00,1619092800000000000,12.951,1020.560,-11.386,9.641
2021-04-22 13:00:00+00:00,1619096400000000000,13.416,1020.800,-18.529,9.593
2021-04-22 14:00:00+00:00,1619100000000000000,13.735,1020.857,-23.355,9.498
2021-04-22 15:00:00+00:00,1619103600000000000,15.508,1021.039,-22.384,9.434
2021-04-22 16:00:00+00:00,1619107200000000000,14.494,1021.429,-19.134,9.328
2021-04-22 17:00:00+00:00,1619110800000000000,12.798,1021.755,-16.831,9.301
2021-04-22 18:00:00+00:00,1619114400000000000,10.987,1022.317,-20.249,9.281
2021-04-22 19:00:00+00:00,1619118000000000000,10.088,1022.874,-23.008,9.102
2021-04-22 20:00:00+00:00,1619121600000000000,7.980,1023.125,-20.954,9.185
2021-04-22 21:00:00+00:00,1619125200000000000,8.619,1023.156,-27.204,9.289
2021-04-22 22:00:00+00:00,1619128800000000000,8.069,1023.243,-31.146,9.273
2021-04-22 23:00:00+00:00,1619132400000000000,7.028,1023.290,-37.817,9.203
2021-04-23 00:00:00+00:00,1619136000000000000,7.350,1023.200,-39.370,9.108
2021-04-23 01:00:00+00:00,1619139600000000000,7.010,1023.242,-39.069,9.135
2021-04-23 02:00:00+00:00,1619143200000000000,8.255,1023.400,-37.278,9.123
2021-04-23 03:00:00+00:00,1619146800000000000,8.425,1023.758,-36.307,8.999
2021-04-23 04:00:00+00:00,1619150400000000000,8.290,1024.091,-28.549,9.242
2021-04-23 05:00:00+00:00,1619154000000000000,8.408,1024.750,-18.065,9.486
2021-04-23 06:00:00+00:00,1619157600000000000,9.043,1025.252,-10.472,9.592
2021-04-23 07:00:00+00:00,1619161200000000000,8.792,1025.853,-6.744,9.733
2021-04-23 08:00:00+00:00,1619164800000000000,9.318,1026.255,-6.764,9.923
2021-04-23 09:00:00+00:00,1619168400000000000,9.205,1026.542,6.536,10.087
2021-04-23 10:00:00+00:00,1619172000000000000,9.439,1026.640,-4.890,10.124
2021-04-23 11:00:00+00:00,1619175600000000000,8.958,1026.800,-3.622,10.281
2021-04-23 12:00:00+00:00,1619179200000000000,7.951,1026.800,35.474,10.352
2021-04-23 13:00:00+00:00,1619182800000000000,7.691,1026.725,59.679,10.506
2021-04-23 14:00:00+00:00,1619186400000000000,5.821,1026.561,57.109,10.477
2021-04-23 15:00:00+00:00,1619190000000000000,7.306,1026.348,-16.549,10.464
2021-04-23 16:00:00+00:00,1619193600000000000,8.409,1026.179,-20.284,10.500
2021-04-23 17:00:00+00:00,1619197200000000000,7.732,1026.206,-22.233,10.509
2021-04-23 18:00:00+00:00,1619200800000000000,6.612,1026.374,-27.097,10.513
2021-04-23 19:00:00+00:00,1619204400000000000,6.982,1026.729,-15.690,10.471
2021-04-23 20:00:00+00:00,1619208000000000000,5.729,1026.858,-17.569,10.347
2021-04-23 21:00:00+00:00,1619211600000000000,5.693,1026.928,-40.303,10.313
2021-04-23 22:00:00+00:00,1619215200000000000,6.185,1026.719,-41.836,10.135
2021-04-23 23:00:00+00:00,1619218800000000000,5.606,1026.523,-45.250,10.029
2021-04-24 00:00:00+00:00,1619222400000000000,5.565,1026.408,-43.002,9.931
2021-04-24 01:00:00+00:00,1619226000000000000,6.113,1026.158,-48.333,9.714
2021-04-24 02:00:00+00:00,1619229600000000000,4.975,1026.000,-47.566,9.700
2021-04-24 03:00:00+00:00,1619233200000000000,4.092,1026.050,-58.890,9.671
2021-04-24 04:00:00+00:00,1619236800000000000,2.610,1026.195,-77.071,9.542
2021-04-24 05:00:00+00:00,1619240400000000000,2.436,1026.380,-76.341,9.643
2021-04-24 06:00:00+00:00,1619244000000000000,4.518,1026.593,-13.539,9.686
2021-04-24 07:00:00+00:00,1619247600000000000,4.916,1026.788,5.629,9.846
2021-04-24 08:00:00+00:00,1619251200000000000,3.976,1027.017,9.793,10.014
2021-04-24 09:00:00+00:00,1619254800000000000,4.489,1027.135,46.523,10.306
2021-04-24 10:00:00+00:00,1619258400000000000,6.672,1027.050,74.836,10.547
2021-04-24 11:00:00+00:00,1619262000000000000,6.640,1027.133,105.847,10.701
2021-04-24 12:00:00+00:00,1619265600000000000,7.297,1026.933,132.098,10.882
2021-04-24 13:00:00+00:00,1619269200000000000,6.107,1026.591,122.545,10.924
2021-04-24 14:00:00+00:00,1619272800000000000,8.181,1026.212,118.237,11.124
2021-04-24 15:00:00+00:00,1619276400000000000,7.714,1026.070,114.208,11.113
2021-04-24 16:00:00+00:00,1619280000000000000,8.180,1025.673,85.071,11.053
2021-04-24 17:00:00+00:00,1619283600000000000,7.087,1025.478,128.513,10.680
2021-04-24 18:00:00+00:00,1619287200000000000,3.042,1025.475,49.036,10.495
2021-04-24 19:00:00+00:00,1619290800000000000,2.494,1025.570,-98.134,10.494
2021-04-24 20:00:00+00:00,1619294400000000000,2.738,1025.615,-88.700,10.501
2021-04-24 21:00:00+00:00,1619298000000000000,3.273,1025.722,-6.088,10.499
2021-04-24 22:00:00+00:00,1619301600000000000,4.054,1025.585,21.259,10.485
2021-04-24 23:00:00+00:00,1619305200000000000,3.978,1025.562,-10.364,10.318
2021-04-25 00:00:00+00:00,1619308800000000000,3.684,1025.414,-8.768,10.335
2021-04-25 01:00:00+00:00,1619312400000000000,4.382,1025.207,-26.216,10.306
2021-04-25 02:00:00+00:00,1619316000000000000,5.260,1025.179,-26.543,10.118
2021-04-25 03:00:00+00:00,1619319600000000000,4.092,1025.219,-28.076,9.800
2021-04-25 04:00:00+00:00,1619323200000000000,3.687,1025.523,24.344,9.795
2021-04-25 05:00:00+00:00,1619326800000000000,4.226,1025.880,42.407,9.884
2021-04-25 06:00:00+00:00,1619330400000000000,6.905,1026.327,59.631,9.928
2021-04-25 07:00:00+00:00,1619334000000000000,8.165,1026.705,84.189,10.113
2021-04-25 08:00:00+00:00,1619337600000000000,8.125,1027.013,67.032,10.276
2021-04-25 09:00:00+00:00,1619341200000000000,8.629,1027.083,67.100,10.444
2021-04-25 10:00:00+00:00,1619344800000000000,7.308,1027.268,124.430,10.509
2021-04-25 11:00:00+00:00,1619348400000000000,5.009,1027.324,84.184,10.659
2021-04-25 12:00:00+00:00,1619352000000000000,8.269,1027.369,59.693,10.805
2021-04-25 13:00:00+00:00,1619355600000000000,8.547,1027.283,67.162,10.888
2021-04-25 14:00:00+00:00,1619359200000000000,9.138,1027.054,64.728,10.840
2021-04-25 15:00:00+00:00,1619362800000000000,8.089,1026.842,63.234,10.756
2021-04-25 16:00:00+00:00,1619366400000000000,7.381,1026.557,65.743,10.656
2021-04-25 17:00:00+00:00,1619370000000000000,4.293,1026.287,62.670,10.531
2021-04-25 18:00:00+00:00,1619373600000000000,2.473,1026.183,77.709,10.414
2021-04-25 19:00:00+00:00,1619377200000000000,2.771,1026.477,99.155,10.315
2021-04-25 20:00:00+00:00,1619380800000000000,6.486,1026.494,93.285,10.263
2021-04-25 21:00:00+00:00,1619384400000000000,5.779,1026.275,91.827,10.124
2021-04-25 22:00:00+00:00,1619388000000000000,3.903,1026.207,87.661,10.173
2021-04-25 23:00:00+00:00,1619391600000000000,4.417,1025.961,88.211,10.230
2021-04-26 00:00:00+00:00,1619395200000000000,4.084,1025.693,84.993,10.201
2021-04-26 01:00:00+00:00,1619398800000000000,2.072,1025.295,65.045,9.906
2021-04-26 02:00:00+00:00,1619402400000000000,1.289,1024.855,-18.438,9.791
2021-04-26 03:00:00+00:00,1619406000000000000,1.811,1024.545,-52.779,9.824
2021-04-26 04:00:00+00:00,1619409600000000000,1.535,1024.443,-74.593,9.627
2021-04-26 05:00:00+00:00,1619413200000000000,1.229,1024.431,-80.952,9.777
2021-04-26 06:00:00+00:00,1619416800000000000,1.680,1024.303,-57.900,9.864
2021-04-26 07:00:00+00:00,1619420400000000000,1.357,1024.183,11.638,10.026
2021-04-26 08:00:00+00:00,1619424000000000000,1.534,1023.893,-58.237,10.245
2021-04-26 09:00:00+00:00,1619427600000000000,5.155,1023.635,135.104,10.466
2021-04-26 10:00:00+00:00,1619431200000000000,7.010,1023.254,128.071,10.698
2021-04-26 11:00:00+00:00,1619434800000000000,8.081,1022.819,124.510,10.900
2021-04-26 12:00:00+00:00,1619438400000000000,9.584,1022.321,117.925,11.085
2021-04-26 13:00:00+00:00,1619442000000000000,9.578,1021.815,116.981,11.198
2021-04-26 14:00:00+00:00,1619445600000000000,9.628,1021.238,117.031,11.288
2021-04-26 15:00:00+00:00,1619449200000000000,8.200,1020.873,113.904,11.316
2021-04-26 16:00:00+00:00,1619452800000000000,8.765,1020.426,123.543,11.301
2021-04-26 17:00:00+00:00,1619456400000000000,8.330,1020.250,127.837,11.258
2021-04-26 18:00:00+00:00,1619460000000000000,5.867,1020.300,141.815,11.077
2021-04-26 19:00:00+00:00,1619463600000000000,5.212,1020.356,126.032,10.745
2021-04-26 20:00:00+00:00,1619467200000000000,4.508,1020.247,136.426,10.501
2021-04-26 21:00:00+00:00,1619470800000000000,3.763,1020.093,141.307,10.463
2021-04-26 22:00:00+00:00,1619474400000000000,3.374,1019.980,88.332,10.229
2021-04-26 23:00:00+00:00,1619478000000000000,2.386,1019.787,0.665,10.317
2021-04-27 00:00:00+00:00,1619481600000000000,2.304,1019.509,-144.898,10.241
2021-04-27 01:00:00+00:00,1619485200000000000,3.583,1019.261,-132.053,10.198
2021-04-27 02:00:00+00:00,1619488800000000000,2.776,1018.991,-112.762,10.098
2021-04-27 03:00:00+00:00,1619492400000000000,2.660,1018.685,-147.168,9.953
2021-04-27 04:00:00+00:00,1619496000000000000,2.236,1018.692,-122.324,9.998
2021-04-27 05:00:00+00:00,1619499600000000000,4.515,1018.773,-150.099,10.061
2021-04-27 06:00:00+00:00,1619503200000000000,5.458,1018.957,-147.539,10.064
2021-04-27 07:00:00+00:00,1619506800000000000,4.959,1018.877,-107.194,10.088
2021-04-27 08:00:00+00:00,1619510400000000000,5.039,1018.646,-119.072,10.277
2021-04-27 09:00:00+00:00,1619514000000000000,5.304,1018.262,-5.682,10.500
2021-04-27 10:00:00+00:00,1619517600000000000,5.172,1017.738,32.481,10.839
2021-04-27 11:00:00+00:00,1619521200000000000,8.006,1017.167,115.044,11.081
2021-04-27 12:00:00+00:00,1619524800000000000,11.765,1016.635,110.621,11.259
2021-04-27 13:00:00+00:00,1619528400000000000,12.048,1016.217,111.446,11.459
2021-04-27 14:00:00+00:00,1619532000000000000,10.985,1015.658,114.458,11.525
2021-04-27 15:00:00+00:00,1619535600000000000,11.779,1015.157,113.469,11.551
2021-04-27 16:00:00+00:00,1619539200000000000,11.664,1014.690,111.298,11.414
2021-04-27 17:00:00+00:00,1619542800000000000,10.829,1014.344,111.092,11.174
2021-04-27 18:00:00+00:00,1619546400000000000,10.652,1014.200,123.472,10.929
2021-04-27 19:00:00+00:00,1619550000000000000,10.845,1014.100,129.651,10.710
2021-04-27 20:00:00+00:00,1619553600000000000,8.494,1013.981,140.484,10.380
2021-04-27 21:00:00+00:00,1619557200000000000,6.664,1014.075,104.560,10.284
2021-04-27 22:00:00+00:00,1619560800000000000,5.678,1014.082,43.101,10.456
2021-04-27 23:00:00+00:00,1619564400000000000,4.480,1013.800,-58.849,10.435
2021-04-28 00:00:00+00:00,1619568000000000000,5.842,1013.315,-50.350,10.328
2021-04-28 01:00:00+00:00,1619571600000000000,5.649,1012.848,-104.385,10.321
2021-04-28 02:00:00+00:00,1619575200000000000,5.636,1012.460,-140.529,10.354
2021-04-28 03:00:00+00:00,1619578800000000000,5.945,1012.196,-117.854,10.272
2021-04-28 04:00:00+00:00,1619582400000000000,4.486,1012.054,-11.640,10.152
2021-04-28 05:00:00+00:00,1619586000000000000,2.838,1011.929,-43.599,10.115
2021-04-28 06:00:00+00:00,1619589600000000000,3.862,1011.715,-51.596,10.341
2021-04-28 07:00:00+00:00,1619593200000000000,6.387,1011.312,134.216,10.334
2021-04-28 08:00:00+00:00,1619596800000000000,9.535,1011.025,142.018,10.491
2021-04-28 09:00:00+00:00,1619600400000000000,9.030,1010.652,104.580,10.664
2021-04-28 10:00:00+00:00,1619604000000000000,10.647,1010.161,96.981,10.880
2021-04-28 11:00:00+00:00,1619607600000000000,10.585,1009.654,102.464,11.090
2021-04-28 12:00:00+00:00,1619611200000000000,10.463,1009.163,101.927,11.261
2021-04-28 13:00:00+00:00,1619614800000000000,10.351,1008.467,106.295,11.342
2021-04-28 14:00:00+00:00,1619618400000000000,9.542,1007.819,103.983,11.507
2021-04-28 15:00:00+00:00,1619622000000000000,9.867,1007.297,102.952,11.515
2021-04-28 16:00:00+00:00,1619625600000000000,9.489,1006.615,101.876,11.363
2021-04-28 17:00:00+00:00,1619629200000000000,7.974,1006.257,102.889,11.164
2021-04-28 18:00:00+00:00,1619632800000000000,8.001,1006.292,126.027,10.876
2021-04-28 19:00:00+00:00,1619636400000000000,8.069,1006.393,116.163,10.610
2021-04-28 20:00:00+00:00,1619640000000000000,3.302,1006.536,46.756,10.476
2021-04-28 21:00:00+00:00,1619643600000000000,5.667,1006.524,49.208,10.503
2021-04-28 22:00:00+00:00,1619647200000000000,5.829,1006.204,92.774,10.504
2021-04-28 23:00:00+00:00,1619650800000000000,7.965,1005.928,111.291,10.516
2021-04-29 00:00:00+00:00,1619654400000000000,6.694,1005.732,116.847,10.514
2021-04-29 01:00:00+00:00,1619658000000000000,4.397,1005.487,78.034,10.521
2021-04-29 02:00:00+00:00,1619661600000000000,1.809,1005.372,46.410,10.551
2021-04-29 03:00:00+00:00,1619665200000000000,2.474,1004.857,105.323,10.589
2021-04-29 04:00:00+00:00,1619668800000000000,6.372,1004.654,117.792,10.497
2021-04-29 05:00:00+00:00,1619672400000000000,6.419,1004.557,101.013,10.496
2021-04-29 06:00:00+00:00,1619676000000000000,6.317,1004.497,115.165,10.497
2021-04-29 07:00:00+00:00,1619679600000000000,4.677,1004.286,111.295,10.501
2021-04-29 08:00:00+00:00,1619683200000000000,8.232,1004.096,97.714,10.502
2021-04-29 09:00:00+00:00,1619686800000000000,8.009,1004.058,107.745,10.477
2021-04-29 10:00:00+00:00,1619690400000000000,8.683,1003.685,110.135,10.414
2021-04-29 11:00:00+00:00,1619694000000000000,9.500,1003.586,118.099,10.495
2021-04-29 12:00:00+00:00,1619697600000000000,7.335,1003.540,103.463,10.686
2021-04-29 13:00:00+00:00,1619701200000000000,N/A,N/A,N/A,N/A
2021-04-29 14:00:00+00:00,1619704800000000000,6.335,1003.545,89.197,10.734
2021-04-29 15:00:00+00:00,1619708400000000000,6.527,1003.417,80.149,10.705
2021-04-29 16:00:00+00:00,1619712000000000000,5.093,1003.536,56.615,10.703
2021-04-29 17:00:00+00:00,1619715600000000000,4.662,1003.485,48.293,10.690
2021-04-29 18:00:00+00:00,1619719200000000000,3.587,1003.964,3.050,10.702
2021-04-29 19:00:00+00:00,1619722800000000000,3.490,1004.435,-31.899,10.610
2021-04-29 20:00:00+00:00,1619726400000000000,4.408,1004.850,-39.145,10.559
2021-04-29 21:00:00+00:00,1619730000000000000,3.900,1005.448,-10.737,10.534
2021-04-29 22:00:00+00:00,1619733600000000000,4.605,1006.206,37.105,10.429
2021-04-29 23:00:00+00:00,1619737200000000000,5.229,1006.971,36.596,10.457
2021-04-30 00:00:00+00:00,1619740800000000000,6.340,1007.712,45.157,10.357
2021-04-30 01:00:00+00:00,1619744400000000000,5.209,1008.636,62.186,10.367
2021-04-30 02:00:00+00:00,1619748000000000000,4.086,1009.286,22.661,10.364
2021-04-30 03:00:00+00:00,1619751600000000000,4.624,1009.855,41.680,10.314
2021-04-30 04:00:00+00:00,1619755200000000000,4.933,1010.610,49.587,10.301
2021-04-30 05:00:00+00:00,1619758800000000000,4.989,1011.421,59.258,10.313
2021-04-30 06:00:00+00:00,1619762400000000000,5.245,1012.227,71.140,10.434
2021-04-30 07:00:00+00:00,1619766000000000000,4.458,1012.857,70.595,10.490
2021-04-30 08:00:00+00:00,1619769600000000000,4.370,1013.658,87.511,10.524
2021-04-30 09:00:00+00:00,1619773200000000000,4.399,1014.008,80.539,10.760
2021-04-30 10:00:00+00:00,1619776800000000000,4.891,1014.095,106.669,10.927
2021-04-30 11:00:00+00:00,1619780400000000000,6.756,1014.271,123.967,11.096
2021-04-30 12:00:00+00:00,1619784000000000000,7.370,1014.574,121.445,11.225
2021-04-30 13:00:00+00:00,1619787600000000000,7.948,1014.650,124.026,11.531
2021-04-30 14:00:00+00:00,1619791200000000000,7.465,1014.588,114.503,11.702
2021-04-30 15:00:00+00:00,1619794800000000000,8.429,1014.486,111.235,11.794
2021-04-30 16:00:00+00:00,1619798400000000000,6.665,1014.713,107.385,11.784
2021-04-30 17:00:00+00:00,1619802000000000000,5.992,1014.885,109.261,11.700
2021-04-30 18:00:00+00:00,1619805600000000000,4.246,1015.056,115.317,11.698
2021-04-30 19:00:00+00:00,1619809200000000000,N/A,1015.347,N/A,N/A
2021-04-30 20:00:00+00:00,1619812800000000000,3.268,1015.619,80.197,11.317
2021-04-30 21:00:00+00:00,1619816400000000000,3.018,1015.714,-136.227,11.235
2021-04-30 22:00:00+00:00,1619820000000000000,3.503,1016.110,-125.848,11.088
2021-04-30 23:00:00+00:00,1619823600000000000,5.167,1016.285,-149.746,11.037
2021-05-01 00:00:00+00:00,1619827200000000000,5.288,1016.247,-119.462,10.926
2021-05-01 01:00:00+00:00,1619830800000000000,4.669,1016.114,-56.836,10.900
2021-05-01 02:00:00+00:00,1619834400000000000,5.402,1015.883,-30.613,10.911
2021-05-01 03:00:00+00:00,1619838000000000000,6.682,1015.485,-86.109,10.932
2021-05-01 04:00:00+00:00,1619841600000000000,5.601,1015.275,67.844,10.896
2021-05-01 05:00:00+00:00,1619845200000000000,5.600,1015.572,-35.006,10.870
2021-05-01 06:00:00+00:00,1619848800000000000,4.870,1015.728,-129.732,10.926
2021-05-01 07:00:00+00:00,1619852400000000000,5.013,1015.605,-61.172,11.087
2021-05-01 08:00:00+00:00,1619856000000000000,5.674,1015.448,-102.704,11.129
2021-05-01 09:00:00+00:00,1619859600000000000,5.539,1015.096,-121.798,11.270
2021-05-01 10:00:00+00:00,1619863200000000000,7.861,1014.961,-143.937,11.302
2021-05-01 11:00:00+00:00,1619866800000000000,6.954,1014.615,-99.464,11.664
2021-05-01 12:00:00+00:00,1619870400000000000,8.377,1014.479,95.309,12.052
2021-05-01 13:00:00+00:00,1619874000000000000,6.227,1013.981,138.243,11.930
2021-05-01 14:00:00+00:00,1619877600000000000,7.326,1013.538,128.424,12.093
2021-05-01 15:00:00+00:00,1619881200000000000,8.016,1013.141,111.473,12.096
2021-05-01 16:00:00+00:00,1619884800000000000,6.731,1013.061,115.707,12.104
2021-05-01 17:00:00+00:00,1619888400000000000,5.806,1013.182,139.072,12.057
2021-05-01 18:00:00+00:00,1619892000000000000,3.222,1013.564,37.919,11.915
2021-05-01 19:00:00+00:00,1619895600000000000,4.969,1013.750,146.977,11.709
2021-05-01 20:00:00+00:00,1619899200000000000,4.672,1013.673,142.905,11.470
2021-05-01 21:00:00+00:00,1619902800000000000,5.070,1013.610,152.129,11.222
2021-05-01 22:00:00+00:00,1619906400000000000,3.963,1013.280,147.411,10.946
2021-05-01 23:00:00+00:00,1619910000000000000,3.602,1012.922,40.715,10.866
2021-05-02 00:00:00+00:00,1619913600000000000,2.296,1012.717,45.163,11.230
2021-05-02 01:00:00+00:00,1619917200000000000,1.528,1012.709,1.040,11.310
2021-05-02 02:00:00+00:00,1619920800000000000,2.150,1012.490,108.785,11.324
2021-05-02 03:00:00+00:00,1619924400000000000,2.541,1012.510,87.319,11.399
2021-05-02 04:00:00+00:00,1619928000000000000,2.226,1012.648,10.188,11.483
2021-05-02 05:00:00+00:00,1619931600000000000,1.306,1012.813,-79.188,11.363
2021-05-02 06:00:00+00:00,1619935200000000000,2.501,1013.022,-63.311,11.460
2021-05-02 07:00:00+00:00,1619938800000000000,2.305,1013.248,-57.267,11.502
2021-05-02 08:00:00+00:00,1619942400000000000,3.230,1013.583,18.767,11.504
2021-05-02 09:00:00+00:00,1619946000000000000,1.879,1013.585,67.275,11.508
2021-05-02 10:00:00+00:00,1619949600000000000,3.351,1013.542,126.283,11.688
2021-05-02 11:00:00+00:00,1619953200000000000,5.138,1013.422,125.564,11.745
2021-05-02 12:00:00+00:00,1619956800000000000,4.969,1013.387,101.221,11.797
2021-05-02 13:00:00+00:00,1619960400000000000,5.627,1013.226,119.705,11.868
2021-05-02 14:00:00+00:00,1619964000000000000,6.702,1013.558,109.364,11.909
2021-05-02 15:00:00+00:00,1619967600000000000,6.005,1013.712,96.654,11.909
2021-05-02 16:00:00+00:00,1619971200000000000,4.034,1013.964,42.867,11.900
2021-05-02 17:00:00+00:00,1619974800000000000,6.583,1014.381,-22.775,11.895
2021-05-02 18:00:00+00:00,1619978400000000000,4.064,1014.755,-60.740,11.895
2021-05-02 19:00:00+00:00,1619982000000000000,6.336,1015.214,-59.745,11.755
2021-05-02 20:00:00+00:00,1619985600000000000,7.028,1015.587,-43.163,11.686
2021-05-02 21:00:00+00:00,1619989200000000000,7.066,1015.837,-52.109,11.531
2021-05-02 22:00:00+00:00,1619992800000000000,7.278,1016.078,-53.810,11.388
2021-05-02 23:00:00+00:00,1619996400000000000,7.647,1016.181,-57.916,11.297
2021-05-03 00:00:00+00:00,1620000000000000000,7.599,1016.120,-58.051,11.110
2021-05-03 01:00:00+00:00,1620003600000000000,7.462,1016.135,-59.727,10.929
2021-05-03 02:00:00+00:00,1620007200000000000,8.265,1016.341,-54.093,10.964
2021-05-03 03:00:00+00:00,1620010800000000000,7.179,1016.445,-60.250,11.112
2021-05-03 04:00:00+00:00,1620014400000000000,7.511,1016.692,-52.973,11.104
2021-05-03 05:00:00+00:00,1620018000000000000,8.118,1017.167,-52.559,11.091
2021-05-03 06:00:00+00:00,1620021600000000000,9.088,1017.448,-51.893,11.150
2021-05-03 07:00:00+00:00,1620025200000000000,10.752,1017.557,-40.410,11.287
2021-05-03 08:00:00+00:00,1620028800000000000,8.973,1017.540,-48.358,11.294
2021-05-03 09:00:00+00:00,1620032400000000000,8.979,1017.581,-52.859,11.343
2021-05-03 10:00:00+00:00,1620036000000000000,11.475,1017.496,-65.647,11.404
2021-05-03 11:00:00+00:00,1620039600000000000,11.309,1017.263,-71.250,11.516
2021-05-03 12:00:00+00:00,1620043200000000000,11.092,1016.985,-75.386,11.506
2021-05-03 13:00:00+00:00,1620046800000000000,8.704,1016.477,-69.091,11.630
2021-05-03 14:00:00+00:00,1620050400000000000,7.903,1016.092,-67.534,11.699
2021-05-03 15:00:00+00:00,1620054000000000000,4.201,1015.559,-13.052,11.723
2021-05-03 16:00:00+00:00,1620057600000000000,7.776,1014.957,-73.443,11.891
2021-05-03 17:00:00+00:00,1620061200000000000,6.612,1014.565,-79.475,11.859
2021-05-03 18:00:00+00:00,1620064800000000000,7.202,1014.379,-91.364,11.782
2021-05-03 19:00:00+00:00,1620068400000000000,4.494,1014.097,-101.026,11.686
2021-05-03 20:00:00+00:00,1620072000000000000,3.279,1013.229,-102.670,11.520
2021-05-03 21:00:00+00:00,1620075600000000000,3.761,1012.229,-140.074,11.575
2021-05-03 22:00:00+00:00,1620079200000000000,5.816,1011.100,-141.549,11.471
2021-05-03 23:00:00+00:00,1620082800000000000,8.066,1009.511,-150.146,11.337
2021-05-04 00:00:00+00:00,1620086400000000000,9.915,1008.041,-140.949,11.174
2021-05-04 01:00:00+00:00,1620090000000000000,10.203,1005.970,-146.491,11.016
2021-05-04 02:00:00+00:00,1620093600000000000,10.131,1003.997,-142.039,10.886
2021-05-04 03:00:00+00:00,1620097200000000000,10.655,1002.041,-144.545,11.057
2021-05-04 04:00:00+00:00,1620100800000000000,10.256,1000.455,-145.126,11.094
2021-05-04 05:00:00+00:00,1620104400000000000,10.149,998.687,-141.944,11.087
2021-05-04 06:00:00+00:00,1620108000000000000,13.303,997.447,-126.334,11.101
2021-05-04 07:00:00+00:00,1620111600000000000,14.344,996.163,-124.162,11.103
2021-05-04 08:00:00+00:00,1620115200000000000,15.366,995.352,-116.747,11.099
2021-05-04 09:00:00+00:00,1620118800000000000,15.669,994.429,-108.299,11.233
2021-05-04 10:00:00+00:00,1620122400000000000,14.960,993.970,-105.200,11.341
2021-05-04 11:00:00+00:00,1620126000000000000,14.704,993.473,-108.238,11.351
2021-05-04 12:00:00+00:00,1620129600000000000,16.102,992.739,-100.753,11.362
2021-05-04 13:00:00+00:00,1620133200000000000,12.097,992.011,-101.422,11.485
2021-05-04 14:00:00+00:00,1620136800000000000,13.346,992.231,-90.335,11.453
2021-05-04 15:00:00+00:00,1620140400000000000,16.522,992.909,-74.257,11.303
2021-05-04 16:00:00+00:00,1620144000000000000,16.241,992.516,-79.268,11.297
2021-05-04 17:00:00+00:00,1620147600000000000,13.205,992.293,-84.672,11.295
2021-05-04 18:00:00+00:00,1620151200000000000,13.080,992.315,-83.858,11.278
2021-05-04 19:00:00+00:00,1620154800000000000,11.548,992.786,-83.735,11.185
2021-05-04 20:00:00+00:00,1620158400000000000,12.042,992.575,-93.354,11.220
2021-05-04 21:00:00+00:00,1620162000000000000,13.809,992.457,-88.342,11.086
2021-05-04 22:00:00+00:00,1620165600000000000,16.258,992.418,-85.674,10.981
2021-05-04 23:00:00+00:00,1620169200000000000,17.777,992.040,-84.465,10.903
2021-05-05 00:00:00+00:00,1620172800000000000,18.263,991.681,-83.547,10.733
2021-05-05 01:00:00+00:00,1620176400000000000,18.595,991.568,-82.624,10.691
2021-05-05 02:00:00+00:00,1620180000000000000,17.955,991.489,-83.461,10.700
2021-05-05 03:00:00+00:00,1620183600000000000,17.480,991.482,-80.451,10.701
2021-05-05 04:00:00+00:00,1620187200000000000,14.930,991.590,-84.186,10.697
2021-05-05 05:00:00+00:00,1620190800000000000,16.532,991.547,-84.799,10.699
2021-05-05 06:00:00+00:00,1620194400000000000,17.653,991.492,-83.653,10.729
2021-05-05 07:00:00+00:00,1620198000000000000,17.713,991.761,-81.194,10.693
2021-05-05 08:00:00+00:00,1620201600000000000,17.354,992.618,-75.980,10.607
2021-05-05 09:00:00+00:00,1620205200000000000,15.066,993.150,-74.555,10.691
2021-05-05 10:00:00+00:00,1620208800000000000,16.623,993.649,-78.093,10.848
2021-05-05 11:00:00+00:00,1620212400000000000,18.249,994.024,-80.854,10.870
2021-05-05 12:00:00+00:00,1620216000000000000,16.895,994.510,-73.829,10.750
2021-05-05 13:00:00+00:00,1620219600000000000,15.052,994.968,-68.552,10.693
2021-05-05 14:00:00+00:00,1620223200000000000,16.681,995.643,-55.207,10.556
2021-05-05 15:00:00+00:00,1620226800000000000,15.701,996.846,-45.943,10.501
2021-05-05 16:00:00+00:00,1620230400000000000,15.933,997.762,-49.745,10.425
2021-05-05 17:00:00+00:00,1620234000000000000,15.359,998.794,-50.544,10.338
2021-05-05 18:00:00+00:00,1620237600000000000,14.362,999.857,-50.060,10.108
2021-05-05 19:00:00+00:00,1620241200000000000,14.193,1000.837,-53.545,10.152
2021-05-05 20:00:00+00:00,1620244800000000000,12.915,1001.600,-51.567,10.084
2021-05-05 21:00:00+00:00,1620248400000000000,12.850,1002.079,-59.100,9.847
2021-05-05 22:00:00+00:00,1620252000000000000,12.771,1002.327,-66.838,9.616
2021-05-05 23:00:00+00:00,1620255600000000000,12.498,1002.618,-68.739,9.708
2021-05-06 00:00:00+00:00,1620259200000000000,11.733,1002.776,-72.282,9.826
2021-05-06 01:00:00+00:00,1620262800000000000,12.661,1002.720,-71.873,9.895
2021-05-06 02:00:00+00:00,1620266400000000000,11.344,1002.809,-70.692,9.908
2021-05-06 03:00:00+00:00,1620270000000000000,12.123,1002.944,-73.876,9.902
2021-05-06 04:00:00+00:00,1620273600000000000,12.148,1003.090,-72.700,9.894
2021-05-06 05:00:00+00:00,1620277200000000000,11.636,1003.271,-72.057,9.864
2021-05-06 06:00:00+00:00,1620280800000000000,13.021,1003.462,-68.105,9.969
2021-05-06 07:00:00+00:00,1620284400000000000,13.352,1003.654,-65.179,10.076
2021-05-06 08:00:00+00:00,1620288000000000000,14.309,1003.900,-66.721,9.889
2021-05-06 09:00:00+00:00,1620291600000000000,13.445,1004.407,-65.071,10.057
2021-05-06 10:00:00+00:00,1620295200000000000,12.798,1004.769,-53.041,10.270
2021-05-06 11:00:00+00:00,1620298800000000000,12.627,1004.874,-51.121,10.303
2021-05-06 12:00:00+00:00,1620302400000000000,13.333,1004.874,-58.733,10.345
2021-05-06 13:00:00+00:00,1620306000000000000,11.780,1004.953,-48.816,10.317
2021-05-06 14:00:00+00:00,1620309600000000000,11.827,1005.048,-43.318,10.214
2021-05-06 15:00:00+00:00,1620313200000000000,10.751,1004.921,-42.908,10.082
2021-05-06 16:00:00+00:00,1620316800000000000,8.626,1004.964,-41.044,9.853
2021-05-06 17:00:00+00:00,1620320400000000000,5.860,1005.168,-32.665,9.811
2021-05-06 18:00:00+00:00,1620324000000000000,5.221,1005.300,-30.045,10.163
2021-05-06 19:00:00+00:00,1620327600000000000,3.831,1005.636,-13.891,10.306
2021-05-06 20:00:00+00:00,1620331200000000000,3.699,1005.939,-31.070,10.233
2021-05-06 21:00:00+00:00,1620334800000000000,2.887,1005.967,-19.413,10.242
2021-05-06 22:00:00+00:00,1620338400000000000,2.195,1005.969,-11.735,10.098
2021-05-06 23:00:00+00:00,1620342000000000000,2.791,1005.948,-30.701,9.843
2021-05-07 00:00:00+00:00,1620345600000000000,2.481,1005.891,-43.446,9.565
2021-05-07 01:00:00+00:00,1620349200000000000,2.757,1005.957,-50.416,9.215
2021-05-07 02:00:00+00:00,1620352800000000000,2.377,1006.060,-39.467,8.929
2021-05-07 03:00:00+00:00,1620356400000000000,3.439,1006.348,-43.398,8.710
2021-05-07 04:00:00+00:00,1620360000000000000,2.839,1006.900,-46.799,8.959
2021-05-07 05:00:00+00:00,1620363600000000000,4.068,1007.368,-61.292,9.327
2021-05-07 06:00:00+00:00,1620367200000000000,6.380,1007.810,-61.300,9.836
2021-05-07 07:00:00+00:00,1620370800000000000,8.127,1008.023,-46.715,10.144
2021-05-07 08:00:00+00:00,1620374400000000000,9.461,1008.742,-28.128,10.225
2021-05-07 09:00:00+00:00,1620378000000000000,10.077,1009.620,-25.971,10.275
2021-05-07 10:00:00+00:00,1620381600000000000,10.009,1010.296,-23.756,10.200
2021-05-07 11:00:00+00:00,1620385200000000000,8.370,1010.861,-8.816,10.249
2021-05-07 12:00:00+00:00,1620388800000000000,7.738,1011.325,-40.495,10.462
2021-05-07 13:00:00+00:00,1620392400000000000,9.557,1011.537,-44.437,10.652
2021-05-07 14:00:00+00:00,1620396000000000000,11.316,1011.990,-32.303,10.592
2021-05-07 15:00:00+00:00,1620399600000000000,13.644,1012.663,-35.201,10.410
2021-05-07 16:00:00+00:00,1620403200000000000,12.813,1013.396,-49.802,10.266
2021-05-07 17:00:00+00:00,1620406800000000000,10.217,1013.850,-55.845,10.307
2021-05-07 18:00:00+00:00,1620410400000000000,7.420,1014.500,-51.496,10.290
2021-05-07 19:00:00+00:00,1620414000000000000,6.952,1015.048,-64.249,10.154
2021-05-07 20:00:00+00:00,1620417600000000000,6.121,1015.397,-59.183,10.133
2021-05-07 21:00:00+00:00,1620421200000000000,5.707,1015.705,-65.679,10.095
2021-05-07 22:00:00+00:00,1620424800000000000,6.155,1016.232,-68.773,10.096
2021-05-07 23:00:00+00:00,1620428400000000000,5.639,1016.482,-65.156,10.077
2021-05-08 00:00:00+00:00,1620432000000000000,5.854,1016.648,-72.561,10.101
2021-05-08 01:00:00+00:00,1620435600000000000,5.032,1016.673,-68.188,10.053
2021-05-08 02:00:00+00:00,1620439200000000000,5.143,1016.757,-70.686,9.896
2021-05-08 03:00:00+00:00,1620442800000000000,5.228,1016.958,-72.342,9.895
2021-05-08 04:00:00+00:00,1620446400000000000,5.677,1017.204,-78.723,9.629
2021-05-08 05:00:00+00:00,1620450000000000000,5.986,1017.514,-77.195,9.491
2021-05-08 06:00:00+00:00,1620453600000000000,6.866,1017.833,-76.889,9.896
2021-05-08 07:00:00+00:00,1620457200000000000,6.914,1018.116,-64.390,10.292
2021-05-08 08:00:00+00:00,1620460800000000000,6.701,1018.179,-56.123,10.492
2021-05-08 09:00:00+00:00,1620464400000000000,6.178,1017.922,-40.877,10.633
2021-05-08 10:00:00+00:00,1620468000000000000,5.988,1017.435,-54.963,10.742
2021-05-08 11:00:00+00:00,1620471600000000000,4.834,1017.013,-53.566,10.851
2021-05-08 12:00:00+00:00,1620475200000000000,6.239,1016.574,-86.050,11.003
2021-05-08 13:00:00+00:00,1620478800000000000,5.922,1016.006,-108.075,11.103
2021-05-08 14:00:00+00:00,1620482400000000000,7.022,1015.243,-111.680,11.077
2021-05-08 15:00:00+00:00,1620486000000000000,7.331,1014.670,-126.610,11.094
2021-05-08 16:00:00+00:00,1620489600000000000,5.937,1014.277,-138.520,11.192
2021-05-08 17:00:00+00:00,1620493200000000000,7.975,1013.914,-133.442,11.101
2021-05-08 18:00:00+00:00,1620496800000000000,11.044,1013.554,-132.677,10.978
2021-05-08 19:00:00+00:00,1620500400000000000,7.745,1013.073,-137.697,10.759
2021-05-08 20:00:00+00:00,1620504000000000000,9.909,1012.581,-122.034,10.712
2021-05-08 21:00:00+00:00,1620507600000000000,11.016,1011.758,-127.603,10.722
2021-05-08 22:00:00+00:00,1620511200000000000,9.727,1011.065,-135.893,10.712
2021-05-08 23:00:00+00:00,1620514800000000000,10.927,1009.916,-140.907,10.577
2021-05-09 00:00:00+00:00,1620518400000000000,10.994,1009.042,-133.418,10.554
2021-05-09 01:00:00+00:00,1620522000000000000,13.572,1008.407,-126.801,10.575
2021-05-09 02:00:00+00:00,1620525600000000000,9.127,1008.192,-120.269,10.574
2021-05-09 03:00:00+00:00,1620529200000000000,7.388,1008.132,-113.455,10.602
2021-05-09 04:00:00+00:00,1620532800000000000,6.296,1008.108,-109.119,10.604
2021-05-09 05:00:00+00:00,1620536400000000000,7.077,1008.046,-107.450,10.665
2021-05-09 06:00:00+00:00,1620540000000000000,8.338,1007.979,-116.445,10.805
2021-05-09 07:00:00+00:00,1620543600000000000,10.130,1008.023,-118.350,11.030
2021-05-09 08:00:00+00:00,1620547200000000000,10.526,1007.914,-125.953,11.306
2021-05-09 09:00:00+00:00,1620550800000000000,13.096,1007.590,-128.349,11.308
2021-05-09 10:00:00+00:00,1620554400000000000,12.755,1007.020,-125.126,11.334
2021-05-09 11:00:00+00:00,1620558000000000000,11.918,1006.646,-127.366,11.800
2021-05-09 12:00:00+00:00,1620561600000000000,10.382,1006.623,-130.092,12.049
2021-05-09 13:00:00+00:00,1620565200000000000,11.033,1006.462,-133.454,12.230
2021-05-09 14:00:00+00:00,1620568800000000000,8.193,1005.593,-135.618,12.458
2021-05-09 15:00:00+00:00,1620572400000000000,8.434,1004.955,-138.871,12.695
2021-05-09 16:00:00+00:00,1620576000000000000,7.639,1004.470,-150.806,12.697
2021-05-09 17:00:00+00:00,1620579600000000000,4.312,1004.330,-99.072,12.570
2021-05-09 18:00:00+00:00,1620583200000000000,5.284,1003.985,-149.749,12.498
2021-05-09 19:00:00+00:00,1620586800000000000,6.908,1003.654,-151.397,12.376
2021-05-09 20:00:00+00:00,1620590400000000000,7.689,1003.423,-150.353,12.290
2021-05-09 21:00:00+00:00,1620594000000000000,6.238,1003.284,-144.655,12.290
2021-05-09 22:00:00+00:00,1620597600000000000,8.985,1003.150,-135.922,12.108
2021-05-09 23:00:00+00:00,1620601200000000000,11.783,1002.935,-129.756,12.095
2021-05-10 00:00:00+00:00,1620604800000000000,10.732,1002.983,-125.380,12.095
2021-05-10 01:00:00+00:00,1620608400000000000,8.303,1003.104,-126.961,11.990
2021-05-10 02:00:00+00:00,1620612000000000000,10.029,1003.188,-127.167,11.989
2021-05-10 03:00:00+00:00,1620615600000000000,9.988,1003.357,-126.898,11.901
2021-05-10 04:00:00+00:00,1620619200000000000,7.972,1003.930,-119.345,11.853
2021-05-10 05:00:00+00:00,1620622800000000000,6.561,1004.191,-114.782,11.817
2021-05-10 06:00:00+00:00,1620626400000000000,5.131,1004.344,-149.970,11.669
2021-05-10 07:00:00+00:00,1620630000000000000,6.166,1004.420,-148.184,11.935
2021-05-10 08:00:00+00:00,1620633600000000000,5.255,1004.257,-6.247,12.156
2021-05-10 09:00:00+00:00,1620637200000000000,7.873,1004.900,-122.203,12.534
2021-05-10 10:00:00+00:00,1620640800000000000,7.186,1004.828,-135.134,12.772
2021-05-10 11:00:00+00:00,1620644400000000000,7.895,1004.526,-120.443,13.402
2021-05-10 12:00:00+00:00,1620648000000000000,10.675,1004.700,-136.746,13.613
2021-05-10 13:00:00+00:00,1620651600000000000,10.978,1005.144,-94.237,13.759
2021-05-10 14:00:00+00:00,1620655200000000000,9.534,1006.608,-7.922,13.681
2021-05-10 15:00:00+00:00,1620658800000000000,9.098,1008.263,-8.386,13.421
2021-05-10 16:00:00+00:00,1620662400000000000,7.106,1009.647,5.409,12.975
2021-05-10 17:00:00+00:00,1620666000000000000,4.876,1010.110,23.389,12.759
2021-05-10 18:00:00+00:00,1620669600000000000,3.345,1010.916,9.551,12.401
2021-05-10 19:00:00+00:00,1620673200000000000,2.234,1011.233,18.655,12.226
2021-05-10 20:00:00+00:00,1620676800000000000,3.137,1011.907,115.095,12.382
2021-05-10 21:00:00+00:00,1620680400000000000,4.911,1011.700,98.815,12.601
2021-05-10 22:00:00+00:00,1620684000000000000,6.454,1012.078,114.484,12.755
2021-05-10 23:00:00+00:00,1620687600000000000,4.654,1012.446,104.629,12.794
2021-05-11 00:00:00+00:00,1620691200000000000,5.158,1012.270,99.663,12.886
2021-05-11 01:00:00+00:00,1620694800000000000,6.794,1011.897,84.738,12.943
2021-05-11 02:00:00+00:00,1620698400000000000,4.788,1011.719,69.922,12.956
2021-05-11 03:00:00+00:00,1620702000000000000,5.286,1011.459,58.996,12.805
2021-05-11 04:00:00+00:00,1620705600000000000,5.446,1011.312,80.144,12.332
2021-05-11 05:00:00+00:00,1620709200000000000,5.335,1011.259,61.202,11.946
2021-05-11 06:00:00+00:00,1620712800000000000,4.407,1011.371,44.665,11.900
2021-05-11 07:00:00+00:00,1620716400000000000,5.433,1010.903,54.212,11.880
2021-05-11 08:00:00+00:00,1620720000000000000,5.733,1010.790,46.678,12.303
2021-05-11 09:00:00+00:00,1620723600000000000,7.295,1010.175,65.126,12.742
2021-05-11 10:00:00+00:00,1620727200000000000,8.579,1009.438,81.833,12.899
2021-05-11 11:00:00+00:00,1620730800000000000,8.770,1008.903,99.211,12.903
2021-05-11 12:00:00+00:00,1620734400000000000,9.318,1009.047,79.017,13.077
2021-05-11 13:00:00+00:00,1620738000000000000,8.209,1008.654,70.432,12.999
2021-05-11 14:00:00+00:00,1620741600000000000,6.720,1008.352,64.617,13.040
2021-05-11 15:00:00+00:00,1620745200000000000,5.394,1008.644,32.396,13.092
2021-05-11 16:00:00+00:00,1620748800000000000,6.344,1008.338,29.054,12.803
2021-05-11 17:00:00+00:00,1620752400000000000,6.554,1008.228,37.957,12.457
2021-05-11 18:00:00+00:00,1620756000000000000,6.125,1007.967,46.283,12.277
2021-05-11 19:00:00+00:00,1620759600000000000,4.785,1008.120,41.714,11.961
2021-05-11 20:00:00+00:00,1620763200000000000,4.969,1008.150,21.457,11.712
2021-05-11 21:00:00+00:00,1620766800000000000,4.268,1007.669,2.908,11.734
2021-05-11 22:00:00+00:00,1620770400000000000,3.668,1007.074,4.705,11.995
2021-05-11 23:00:00+00:00,1620774000000000000,4.893,1006.870,-32.346,12.099
2021-05-12 00:00:00+00:00,1620777600000000000,4.399,1006.908,-26.756,12.109
2021-05-12 01:00:00+00:00,1620781200000000000,5.016,1006.716,-32.698,12.094
2021-05-12 02:00:00+00:00,1620784800000000000,7.100,1006.600,-37.407,12.218
2021-05-12 03:00:00+00:00,1620788400000000000,4.964,1006.952,-37.365,12.158
2021-05-12 04:00:00+00:00,1620792000000000000,4.378,1007.090,-50.086,12.016
2021-05-12 05:00:00+00:00,1620795600000000000,6.258,1007.707,-50.222,11.904
2021-05-12 06:00:00+00:00,1620799200000000000,4.751,1008.260,-56.420,11.846
2021-05-12 07:00:00+00:00,1620802800000000000,6.126,1008.711,-47.676,11.731
2021-05-12 08:00:00+00:00,1620806400000000000,8.097,1009.000,-34.944,11.880
2021-05-12 09:00:00+00:00,1620810000000000000,9.718,1009.052,-30.550,11.904
2021-05-12 10:00:00+00:00,1620813600000000000,9.870,1009.242,-31.244,12.124
2021-05-12 11:00:00+00:00,1620817200000000000,9.348,1009.422,-32.051,12.323
2021-05-12 12:00:00+00:00,1620820800000000000,7.259,1009.682,-27.406,12.500
2021-05-12 13:00:00+00:00,1620824400000000000,7.171,1009.794,-16.924,12.529
2021-05-12 14:00:00+00:00,1620828000000000000,6.679,1009.896,-13.497,12.664
2021-05-12 15:00:00+00:00,1620831600000000000,5.964,1009.987,-10.501,12.617
2021-05-12 16:00:00+00:00,1620835200000000000,5.626,1010.383,-26.675,12.517
2021-05-12 17:00:00+00:00,1620838800000000000,5.320,1010.718,-30.164,12.423
2021-05-12 18:00:00+00:00,1620842400000000000,5.133,1011.135,-31.297,12.299
2021-05-12 19:00:00+00:00,1620846000000000000,4.734,1011.330,-23.923,12.133
2021-05-12 20:00:00+00:00,1620849600000000000,5.579,1011.115,-11.841,12.099
2021-05-12 21:00:00+00:00,1620853200000000000,5.166,1010.740,-6.320,12.101
2021-05-12 22:00:00+00:00,1620856800000000000,4.293,1010.429,-6.497,12.032
2021-05-12 23:00:00+00:00,1620860400000000000,3.508,1010.296,-1.195,12.289
2021-05-13 00:00:00+00:00,1620864000000000000,3.814,1009.888,9.516,12.293
2021-05-13 01:00:00+00:00,1620867600000000000,3.266,1009.867,3.154,12.315
2021-05-13 02:00:00+00:00,1620871200000000000,3.939,1009.666,-31.032,12.456
2021-05-13 03:00:00+00:00,1620874800000000000,5.108,1009.221,-27.477,12.352
2021-05-13 04:00:00+00:00,1620878400000000000,4.341,1008.904,-23.343,12.279
2021-05-13 05:00:00+00:00,1620882000000000000,5.165,1008.500,-3.347,12.265
2021-05-13 06:00:00+00:00,1620885600000000000,5.624,1008.076,-3.897,12.299
2021-05-13 07:00:00+00:00,1620889200000000000,4.783,1007.914,-4.381,12.296
2021-05-13 08:00:00+00:00,1620892800000000000,5.432,1007.872,5.112,12.174
2021-05-13 09:00:00+00:00,1620896400000000000,5.581,1007.861,7.538,12.135
2021-05-13 10:00:00+00:00,1620900000000000000,5.290,1007.585,-2.098,12.243
2021-05-13 11:00:00+00:00,1620903600000000000,5.021,1007.400,1.504,12.476
2021-05-13 12:00:00+00:00,1620907200000000000,4.943,1007.409,-7.895,12.625
2021-05-13 13:00:00+00:00,1620910800000000000,4.525,1007.304,-23.819,12.695
2021-05-13 14:00:00+00:00,1620914400000000000,6.208,1006.821,-9.614,12.726
2021-05-13 15:00:00+00:00,1620918000000000000,5.907,1006.522,-1.591,12.896
2021-05-13 16:00:00+00:00,1620921600000000000,5.573,1006.236,-9.476,12.848
2021-05-13 17:00:00+00:00,1620925200000000000,5.682,1006.026,-6.272,12.767
2021-05-13 18:00:00+00:00,1620928800000000000,4.846,1006.021,-0.329,12.737
2021-05-13 19:00:00+00:00,1620932400000000000,4.369,1006.203,-13.804,12.515
2021-05-13 20:00:00+00:00,1620936000000000000,4.699,1006.053,-17.536,12.487
2021-05-13 21:00:00+00:00,1620939600000000000,6.444,1005.994,-32.547,12.337
2021-05-13 22:00:00+00:00,1620943200000000000,7.271,1005.775,-30.430,12.204
2021-05-13 23:00:00+00:00,1620946800000000000,6.535,1005.504,-25.447,12.414
2021-05-14 00:00:00+00:00,1620950400000000000,6.910,1005.206,-31.096,12.501
2021-05-14 01:00:00+00:00,1620954000000000000,6.966,1005.120,-34.528,12.510
2021-05-14 02:00:00+00:00,1620957600000000000,6.994,1004.896,-33.373,12.499
2021-05-14 03:00:00+00:00,1620961200000000000,5.639,1004.846,-31.443,12.499
2021-05-14 04:00:00+00:00,1620964800000000000,5.853,1004.687,-43.607,12.496
2021-05-14 05:00:00+00:00,1620968400000000000,7.137,1004.824,-51.670,12.389
2021-05-14 06:00:00+00:00,1620972000000000000,7.376,1005.169,-43.802,12.452
2021-05-14 07:00:00+00:00,1620975600000000000,8.213,1005.203,-33.562,12.393
2021-05-14 08:00:00+00:00,1620979200000000000,5.224,1005.465,-46.079,12.421
2021-05-14 09:00:00+00:00,1620982800000000000,N/A,N/A,N/A,N/A
2021-05-14 10:00:00+00:00,1620986400000000000,N/A,N/A,N/A,N/A
2021-05-14 11:00:00+00:00,1620990000000000000,N/A,N/A,N/A,N/A
2021-05-14 12:00:00+00:00,1620993600000000000,N/A,N/A,N/A,N/A
2021-05-14 13:00:00+00:00,1620997200000000000,N/A,N/A,N/A,N/A
2021-05-14 14:00:00+00:00,1621000800000000000,N/A,N/A,N/A,N/A
2021-05-14 15:00:00+00:00,1621004400000000000,N/A,N/A,N/A,N/A
2021-05-14 16:00:00+00:00,1621008000000000000,N/A,N/A,N/A,N/A
2021-05-14 17:00:00+00:00,1621011600000000000,N/A,N/A,N/A,N/A
2021-05-14 18:00:00+00:00,1621015200000000000,N/A,N/A,N/A,N/A
2021-05-14 19:00:00+00:00,1621018800000000000,N/A,N/A,N/A,N/A
2021-05-14 20:00:00+00:00,1621022400000000000,N/A,N/A,N/A,N/A
2021-05-14 21:00:00+00:00,1621026000000000000,N/A,N/A,N/A,N/A
2021-05-14 22:00:00+00:00,1621029600000000000,5.266,1007.516,-67.974,12.331
2021-05-14 23:00:00+00:00,1621033200000000000,4.938,1007.463,-72.657,12.286
2021-05-15 00:00:00+00:00,1621036800000000000,6.071,1007.469,-70.011,12.423
2021-05-15 01:00:00+00:00,1621040400000000000,6.171,1007.409,-64.044,12.493
2021-05-15 02:00:00+00:00,1621044000000000000,6.153,1007.146,-59.375,12.428
2021-05-15 03:00:00+00:00,1621047600000000000,5.457,1007.086,-68.724,12.496
2021-05-15 04:00:00+00:00,1621051200000000000,6.241,1007.068,-71.212,12.438
2021-05-15 05:00:00+00:00,1621054800000000000,6.730,1007.023,-59.704,12.390
2021-05-15 06:00:00+00:00,1621058400000000000,6.243,1007.154,-65.233,12.417
2021-05-15 07:00:00+00:00,1621062000000000000,6.708,1007.171,-72.957,12.514
2021-05-15 08:00:00+00:00,1621065600000000000,6.340,1006.991,-74.771,12.598
2021-05-15 09:00:00+00:00,1621069200000000000,4.193,1006.847,-54.694,12.212
2021-05-15 10:00:00+00:00,1621072800000000000,3.816,1006.450,-24.789,12.097
2021-05-15 11:00:00+00:00,1621076400000000000,4.473,1005.769,3.223,12.622
2021-05-15 12:00:00+00:00,1621080000000000000,6.700,1005.272,113.943,13.077
2021-05-15 13:00:00+00:00,1621083600000000000,6.787,1004.777,106.038,13.296
2021-05-15 14:00:00+00:00,1621087200000000000,7.472,1004.274,98.527,13.298
2021-05-15 15:00:00+00:00,1621090800000000000,4.491,1004.523,-42.121,13.305
2021-05-15 16:00:00+00:00,1621094400000000000,3.297,1004.045,91.087,13.262
2021-05-15 17:00:00+00:00,1621098000000000000,4.694,1003.712,92.743,13.200
2021-05-15 18:00:00+00:00,1621101600000000000,4.558,1003.512,89.806,13.262
2021-05-15 19:00:00+00:00,1621105200000000000,3.056,1003.436,96.981,12.900
2021-05-15 20:00:00+00:00,1621108800000000000,1.782,1003.065,124.479,12.739
2021-05-15 21:00:00+00:00,1621112400000000000,1.538,1002.774,-40.541,12.607
2021-05-15 22:00:00+00:00,1621116000000000000,2.618,1002.596,-80.304,12.490
2021-05-15 23:00:00+00:00,1621119600000000000,3.443,1002.420,-153.591,12.427
2021-05-16 00:00:00+00:00,1621123200000000000,3.167,1002.248,-136.357,12.512
2021-05-16 01:00:00+00:00,1621126800000000000,2.889,1001.996,-153.412,12.496
2021-05-16 02:00:00+00:00,1621130400000000000,4.316,1001.948,-133.581,12.499
2021-05-16 03:00:00+00:00,1621134000000000000,4.202,1001.896,-147.779,12.493
2021-05-16 04:00:00+00:00,1621137600000000000,3.913,1001.962,-146.512,12.504
2021-05-16 05:00:00+00:00,1621141200000000000,4.235,1001.942,-139.474,12.498
2021-05-16 06:00:00+00:00,1621144800000000000,6.203,1001.864,-127.265,12.542
2021-05-16 07:00:00+00:00,1621148400000000000,5.775,1001.846,-114.549,12.723
2021-05-16 08:00:00+00:00,1621152000000000000,6.761,1001.939,-113.520,12.974
2021-05-16 09:00:00+00:00,1621155600000000000,6.360,1001.872,-113.286,13.106
2021-05-16 10:00:00+00:00,1621159200000000000,5.678,1001.558,-124.078,13.165
2021-05-16 11:00:00+00:00,1621162800000000000,7.757,1001.375,-114.305,13.383
2021-05-16 12:00:00+00:00,1621166400000000000,10.633,1001.420,-126.139,13.565
2021-05-16 13:00:00+00:00,1621170000000000000,8.745,1001.407,-93.577,13.753
2021-05-16 14:00:00+00:00,1621173600000000000,7.282,1001.254,-87.795,13.693
2021-05-16 15:00:00+00:00,1621177200000000000,4.837,1001.203,-86.414,13.674
2021-05-16 16:00:00+00:00,1621180800000000000,4.068,1001.021,-67.961,13.694
2021-05-16 17:00:00+00:00,1621184400000000000,3.856,1001.037,-116.389,13.700
2021-05-16 18:00:00+00:00,1621188000000000000,4.534,1001.138,-143.907,13.697
2021-05-16 19:00:00+00:00,1621191600000000000,4.636,1001.215,-122.480,13.523
2021-05-16 20:00:00+00:00,1621195200000000000,4.504,1001.287,-126.350,13.289
2021-05-16 21:00:00+00:00,1621198800000000000,3.166,1001.442,-134.495,13.120
2021-05-16 22:00:00+00:00,1621202400000000000,2.407,1001.630,-60.004,12.971
2021-05-16 23:00:00+00:00,1621206000000000000,1.569,1001.456,-65.595,12.910
2021-05-17 00:00:00+00:00,1621209600000000000,1.795,1001.229,-125.734,12.870
2021-05-17 01:00:00+00:00,1621213200000000000,2.550,1001.255,-110.435,13.041
2021-05-17 02:00:00+00:00,1621216800000000000,2.385,1001.342,-117.840,12.999
2021-05-17 03:00:00+00:00,1621220400000000000,1.796,1001.484,-122.891,13.088
2021-05-17 04:00:00+00:00,1621224000000000000,3.849,1001.844,-144.558,13.098
2021-05-17 05:00:00+00:00,1621227600000000000,3.914,1002.204,-124.533,13.080
2021-05-17 06:00:00+00:00,1621231200000000000,3.198,1002.513,-93.023,13.287
2021-05-17 07:00:00+00:00,1621234800000000000,2.779,1002.677,-103.051,13.457
2021-05-17 08:00:00+00:00,1621238400000000000,2.650,1002.846,-112.938,13.496
2021-05-17 09:00:00+00:00,1621242000000000000,2.652,1002.920,-74.291,13.485
2021-05-17 10:00:00+00:00,1621245600000000000,4.416,1002.941,-131.279,13.403
2021-05-17 11:00:00+00:00,1621249200000000000,3.440,1003.064,-91.862,13.587
2021-05-17 12:00:00+00:00,1621252800000000000,4.872,1003.561,63.424,13.780
2021-05-17 13:00:00+00:00,1621256400000000000,3.193,1003.892,4.673,13.835
2021-05-17 14:00:00+00:00,1621260000000000000,5.547,1003.968,108.659,13.971
2021-05-17 15:00:00+00:00,1621263600000000000,5.574,1004.223,108.048,13.981
2021-05-17 16:00:00+00:00,1621267200000000000,3.941,1004.459,92.712,13.995
2021-05-17 17:00:00+00:00,1621270800000000000,3.931,1004.856,44.343,13.995
2021-05-17 18:00:00+00:00,1621274400000000000,2.169,1004.996,107.006,14.002
2021-05-17 19:00:00+00:00,1621278000000000000,0.650,1005.548,-47.563,13.892
2021-05-17 20:00:00+00:00,1621281600000000000,0.363,1005.777,-73.129,13.725
2021-05-17 21:00:00+00:00,1621285200000000000,1.836,1006.196,-28.842,13.561
2021-05-17 22:00:00+00:00,1621288800000000000,2.003,1006.447,-33.568,13.123
2021-05-17 23:00:00+00:00,1621292400000000000,1.349,1006.626,-70.946,13.016
2021-05-18 00:00:00+00:00,1621296000000000000,4.791,1006.953,-39.967,13.130
2021-05-18 01:00:00+00:00,1621299600000000000,4.008,1007.543,-32.138,13.298
2021-05-18 02:00:00+00:00,1621303200000000000,6.388,1008.254,-21.750,13.301
2021-05-18 03:00:00+00:00,1621306800000000000,4.564,1009.061,-47.305,13.293
2021-05-18 04:00:00+00:00,1621310400000000000,3.982,1009.669,-55.197,13.149
2021-05-18 05:00:00+00:00,1621314000000000000,4.948,1010.012,-51.382,13.103
2021-05-18 06:00:00+00:00,1621317600000000000,6.327,1010.425,-52.494,13.308
2021-05-18 07:00:00+00:00,1621321200000000000,6.184,1010.859,-51.212,13.359
2021-05-18 08:00:00+00:00,1621324800000000000,6.857,1011.035,-53.335,13.436
2021-05-18 09:00:00+00:00,1621328400000000000,6.907,1011.075,-55.948,13.364
2021-05-18 10:00:00+00:00,1621332000000000000,7.562,1011.280,-60.107,13.306
2021-05-18 11:00:00+00:00,1621335600000000000,6.991,1011.650,-56.815,13.138
2021-05-18 12:00:00+00:00,1621339200000000000,5.063,1011.787,-31.358,13.393
2021-05-18 13:00:00+00:00,1621342800000000000,6.023,1011.890,-19.409,13.666
2021-05-18 14:00:00+00:00,1621346400000000000,5.383,1011.936,-59.545,13.727
2021-05-18 15:00:00+00:00,1621350000000000000,4.299,1012.114,-47.999,13.862
2021-05-18 16:00:00+00:00,1621353600000000000,4.849,1012.036,-58.227,13.903
2021-05-18 17:00:00+00:00,1621357200000000000,4.511,1012.150,-67.114,13.902
